datetime,request,response,category,type,tool_detected,was_solved,complexity_score,conversation_id
2025-04-20 03:00:00,Sample request 0,Sample response 0,Power BI,troubleshooting,Spark,FALSE,"1,61",conv_2
2025-10-05 22:00:00,Sample request 1,Sample response 1,Personal,troubleshooting,Redshift,FALSE,"3,2",conv_11
2025-10-27 06:00:00,Sample request 2,Sample response 2,Python,troubleshooting,S3,TRUE,"1,7",conv_12
2025-03-30 14:00:00,Sample request 3,Sample response 3,Power BI,question,S3,FALSE,"1,3",conv_17
2025-12-29 06:00:00,Sample request 4,Sample response 4,Machine Learning,troubleshooting,None,FALSE,"4,07",conv_19
2025-01-14 00:00:00,Sample request 5,Sample response 5,AWS,optimization,None,FALSE,"1,63",conv_1
2025-01-20 07:00:00,Sample request 6,Sample response 6,Python,design,None,TRUE,"4,5",conv_8
2025-06-11 07:00:00,Sample request 7,Sample response 7,Power BI,question,Airflow,TRUE,"1,28",conv_1
2025-06-24 20:00:00,Sample request 8,Sample response 8,Data Engineering,optimization,Redshift,TRUE,"4,31",conv_11
2025-06-02 22:00:00,Sample request 9,Sample response 9,Machine Learning,design,Airflow,FALSE,"2,92",conv_18
2025-10-08 12:00:00,Sample request 10,Sample response 10,SQL,question,S3,FALSE,"2,58",conv_12
2025-01-21 13:00:00,Sample request 11,Sample response 11,Python,troubleshooting,Glue,FALSE,"3,21",conv_3
2025-01-20 08:00:00,Sample request 12,Sample response 12,Python,question,None,TRUE,"1,42",conv_11
2025-04-27 03:00:00,Sample request 13,Sample response 13,SQL,design,Databricks,TRUE,"3,84",conv_16
2025-08-19 20:00:00,Sample request 14,Sample response 14,SQL,troubleshooting,Glue,FALSE,"2,19",conv_6
2025-09-05 03:00:00,Sample request 15,Sample response 15,Power BI,troubleshooting,Databricks,FALSE,"4,04",conv_12
2025-03-17 23:00:00,Sample request 16,Sample response 16,Machine Learning,question,S3,FALSE,"1,67",conv_8
2025-09-11 15:00:00,Sample request 17,Sample response 17,SQL,question,S3,TRUE,"1,83",conv_7
2025-12-30 19:00:00,Sample request 18,Sample response 18,Python,learning,S3,TRUE,"4,43",conv_11
2025-08-14 05:00:00,Sample request 19,Sample response 19,SQL,learning,Glue,TRUE,"3,39",conv_2
2025-03-09 09:00:00,Sample request 20,Sample response 20,Data Engineering,troubleshooting,Glue,FALSE,"2,99",conv_19
2025-11-15 00:00:00,Sample request 21,Sample response 21,AWS,troubleshooting,Databricks,FALSE,"4,74",conv_19
2025-01-08 10:00:00,Sample request 22,Sample response 22,Python,troubleshooting,Airflow,FALSE,"3,45",conv_7
2025-09-24 16:00:00,Sample request 23,Sample response 23,Personal,learning,S3,TRUE,"1,92",conv_4
2025-12-08 22:00:00,Sample request 24,Sample response 24,Python,question,None,FALSE,"2,39",conv_6
2025-03-08 08:00:00,Sample request 25,Sample response 25,Power BI,design,Redshift,FALSE,"2,78",conv_13
2025-01-02 21:00:00,Sample request 26,Sample response 26,AWS,design,Airflow,TRUE,"3,64",conv_4
2025-06-02 17:00:00,Sample request 27,Sample response 27,SQL,question,Airflow,TRUE,"4,2",conv_16
2025-05-09 00:00:00,Sample request 28,Sample response 28,SQL,question,Redshift,TRUE,"3,28",conv_11
2025-12-03 20:00:00,Sample request 29,Sample response 29,Python,learning,Spark,TRUE,"1,97",conv_19
2025-07-30 05:00:00,Sample request 30,Sample response 30,Data Engineering,optimization,Spark,TRUE,"2,08",conv_1
2025-03-18 11:00:00,Sample request 31,Sample response 31,Data Engineering,troubleshooting,S3,TRUE,"4,01",conv_20
2025-04-19 09:00:00,Sample request 32,Sample response 32,Data Engineering,optimization,Spark,FALSE,"1,16",conv_2
2025-06-19 07:00:00,Sample request 33,Sample response 33,AWS,optimization,Glue,TRUE,"4,25",conv_17
2025-12-13 21:00:00,Sample request 34,Sample response 34,Power BI,troubleshooting,None,TRUE,"2,12",conv_19
2025-10-02 01:00:00,Sample request 35,Sample response 35,Machine Learning,design,Redshift,FALSE,"4,97",conv_15
2025-05-26 01:00:00,Sample request 36,Sample response 36,Power BI,design,Redshift,TRUE,"2,45",conv_18
2025-09-16 01:00:00,Sample request 37,Sample response 37,Python,question,Glue,FALSE,"4,25",conv_17
2025-03-10 09:00:00,Sample request 38,Sample response 38,AWS,question,None,TRUE,"2,28",conv_8
2025-02-06 03:00:00,Sample request 39,Sample response 39,Machine Learning,troubleshooting,S3,FALSE,"1,52",conv_15
2025-02-20 18:00:00,Sample request 40,Sample response 40,Data Engineering,design,None,TRUE,"4,09",conv_9
2025-11-04 19:00:00,Sample request 41,Sample response 41,Python,design,Redshift,TRUE,"1,13",conv_5
2025-03-15 13:00:00,Sample request 42,Sample response 42,Power BI,design,Airflow,TRUE,"4,8",conv_17
2025-04-29 09:00:00,Sample request 43,Sample response 43,Python,optimization,Airflow,FALSE,"4,77",conv_3
2025-11-06 15:00:00,Sample request 44,Sample response 44,SQL,question,None,FALSE,"3,19",conv_8
2025-09-21 18:00:00,Sample request 45,Sample response 45,SQL,troubleshooting,Airflow,FALSE,"3,13",conv_11
2025-12-25 10:00:00,Sample request 46,Sample response 46,Personal,question,Redshift,FALSE,"4,28",conv_10
2025-09-21 20:00:00,Sample request 47,Sample response 47,Data Engineering,design,Databricks,TRUE,"2,35",conv_16
2025-04-12 01:00:00,Sample request 48,Sample response 48,Machine Learning,design,Spark,FALSE,"1,43",conv_11
2025-10-05 13:00:00,Sample request 49,Sample response 49,Machine Learning,optimization,Airflow,FALSE,"1,79",conv_12
2025-03-20 21:00:00,Sample request 50,Sample response 50,Data Engineering,optimization,Airflow,TRUE,"3,03",conv_7
2025-07-23 16:00:00,Sample request 51,Sample response 51,Personal,learning,Redshift,FALSE,"4,48",conv_11
2025-10-29 16:00:00,Sample request 52,Sample response 52,SQL,question,S3,TRUE,"2,94",conv_8
2025-11-08 05:00:00,Sample request 53,Sample response 53,Python,design,Databricks,TRUE,"3,27",conv_5
2025-06-18 02:00:00,Sample request 54,Sample response 54,AWS,learning,Spark,FALSE,"4,64",conv_11
2025-10-27 16:00:00,Sample request 55,Sample response 55,Personal,design,Redshift,TRUE,"1,55",conv_17
2025-03-14 15:00:00,Sample request 56,Sample response 56,Python,troubleshooting,Spark,TRUE,"4,37",conv_8
2025-10-11 00:00:00,Sample request 57,Sample response 57,SQL,optimization,Spark,FALSE,"1,2",conv_20
2025-06-27 12:00:00,Sample request 58,Sample response 58,Data Engineering,design,Redshift,TRUE,"2,48",conv_17
2025-01-24 15:00:00,Sample request 59,Sample response 59,SQL,design,Spark,TRUE,"4,23",conv_3
2025-02-27 11:00:00,Sample request 60,Sample response 60,Personal,learning,Glue,TRUE,"3,6",conv_4
2025-09-15 11:00:00,Sample request 61,Sample response 61,Personal,question,Airflow,FALSE,"4,92",conv_13
2025-12-17 20:00:00,Sample request 62,Sample response 62,Personal,question,Redshift,FALSE,"3,63",conv_14
2025-01-27 02:00:00,Sample request 63,Sample response 63,SQL,question,S3,TRUE,"1,41",conv_15
2025-03-09 00:00:00,Sample request 64,Sample response 64,Machine Learning,troubleshooting,Glue,FALSE,"1,74",conv_7
2025-11-30 17:00:00,Sample request 65,Sample response 65,SQL,design,Spark,FALSE,"1,39",conv_19
2025-09-10 15:00:00,Sample request 66,Sample response 66,Python,learning,S3,FALSE,"1,16",conv_20
2025-01-01 02:00:00,Sample request 67,Sample response 67,Power BI,design,Airflow,FALSE,"4,17",conv_5
2025-10-02 00:00:00,Sample request 68,Sample response 68,Data Engineering,learning,Spark,TRUE,"2,04",conv_2
2025-11-01 19:00:00,Sample request 69,Sample response 69,AWS,design,S3,FALSE,"2,73",conv_20
2025-08-07 17:00:00,Sample request 70,Sample response 70,Data Engineering,troubleshooting,Redshift,TRUE,"3,6",conv_11
2025-08-16 03:00:00,Sample request 71,Sample response 71,Machine Learning,question,Redshift,FALSE,"2,95",conv_14
2025-02-12 17:00:00,Sample request 72,Sample response 72,Personal,design,Databricks,FALSE,"2,19",conv_15
2025-12-21 16:00:00,Sample request 73,Sample response 73,AWS,optimization,Databricks,TRUE,"2,28",conv_1
2025-09-01 17:00:00,Sample request 74,Sample response 74,Data Engineering,troubleshooting,None,FALSE,"1,2",conv_12
2025-07-23 11:00:00,Sample request 75,Sample response 75,Power BI,design,Airflow,FALSE,"2,12",conv_7
2025-09-25 15:00:00,Sample request 76,Sample response 76,AWS,design,S3,FALSE,"4,36",conv_1
2025-02-11 09:00:00,Sample request 77,Sample response 77,AWS,question,Databricks,FALSE,"3,87",conv_9
2025-09-16 05:00:00,Sample request 78,Sample response 78,AWS,learning,Databricks,FALSE,"4,65",conv_17
2025-01-19 17:00:00,Sample request 79,Sample response 79,Personal,troubleshooting,None,TRUE,"2,19",conv_13
2025-09-29 20:00:00,Sample request 80,Sample response 80,AWS,design,None,TRUE,"3,61",conv_10
2025-03-17 05:00:00,Sample request 81,Sample response 81,Machine Learning,optimization,Airflow,TRUE,"2,63",conv_5
2025-11-06 21:00:00,Sample request 82,Sample response 82,Python,question,Redshift,FALSE,"1,35",conv_17
2025-05-07 00:00:00,Sample request 83,Sample response 83,AWS,question,Redshift,FALSE,"4,43",conv_5
2025-01-09 16:00:00,Sample request 84,Sample response 84,Power BI,question,None,FALSE,"1,96",conv_2
2025-07-01 12:00:00,Sample request 85,Sample response 85,SQL,design,Spark,TRUE,"2,92",conv_15
2025-09-20 06:00:00,Sample request 86,Sample response 86,Data Engineering,learning,Redshift,TRUE,"3,95",conv_12
2025-01-20 14:00:00,Sample request 87,Sample response 87,AWS,design,None,TRUE,"4,56",conv_16
2025-09-14 05:00:00,Sample request 88,Sample response 88,SQL,optimization,Glue,FALSE,"1,82",conv_11
2025-04-08 01:00:00,Sample request 89,Sample response 89,Python,optimization,Databricks,TRUE,"1,62",conv_4
2025-06-19 00:00:00,Sample request 90,Sample response 90,SQL,learning,Databricks,TRUE,"2,98",conv_11
2025-09-15 18:00:00,Sample request 91,Sample response 91,Data Engineering,question,Databricks,FALSE,"4,11",conv_16
2025-05-20 23:00:00,Sample request 92,Sample response 92,Machine Learning,learning,Airflow,FALSE,"2,81",conv_9
2025-06-09 20:00:00,Sample request 93,Sample response 93,Data Engineering,learning,S3,FALSE,"4,65",conv_9
2025-10-29 06:00:00,Sample request 94,Sample response 94,Machine Learning,question,None,TRUE,"2,67",conv_8
2025-06-09 23:00:00,Sample request 95,Sample response 95,SQL,troubleshooting,Databricks,FALSE,"1,48",conv_20
2025-08-21 13:00:00,Sample request 96,Sample response 96,Personal,optimization,Redshift,TRUE,"4,11",conv_7
2025-06-17 04:00:00,Sample request 97,Sample response 97,Machine Learning,optimization,Glue,TRUE,"3,39",conv_8
2025-07-21 21:00:00,Sample request 98,Sample response 98,Machine Learning,question,Redshift,FALSE,"4,7",conv_15
2025-01-26 00:00:00,Sample request 99,Sample response 99,Data Engineering,design,Databricks,FALSE,"4,77",conv_11